Area,MajorAxisLength,MinorAxisLength,Eccentricity,ConvexArea,Extent,Perimeter,Class
65420,253.22,223.84,0.7523,70186,0.6447,1065.93,Kecimen
64473,411.89,277.61,0.7475,68733,0.7401,1160.42,Besni
63246,274.84,232.66,0.7889,65158,0.6513,1257.91,Kecimen
82553,459.14,255.37,0.8005,86965,0.7204,1307.59,Besni
62952,355.27,203.08,0.6748,64801,0.6896,1213.36,Kecimen
85146,399.38,291.22,0.7922,87227,0.7068,1204.29,Besni
69444,263.73,260.92,0.8754,74310,0.7409,1313.27,Kecimen
31218,331.59,259.52,0.7117,32453,0.7866,845.59,Kecimen
59462,293.5,245.22,0.6981,63002,0.6846,1068.67,Kecimen
73731,285.58,265.1,0.7051,78954,0.6595,1075.1,Kecimen
41537,285.76,251.41,0.7958,44417,0.7049,1155.29,Kecimen
77943,346.03,270.49,0.7571,79617,0.6436,1276.88,Besni
81938,380.53,198.9,0.8134,86734,0.6261,1083.97,Besni
71865,320.74,235.69,0.7918,73935,0.601,976.62,Kecimen
71918,395.12,289.57,0.6984,73519,0.6582,1154.04,Besni
93703,440.4,207.49,0.8497,99236,0.6588,1170.47,Besni
56319,339.24,205.97,0.6585,60660,0.6903,1058.6,Kecimen
56265,264.83,217.89,0.6826,57934,0.7372,1039.07,Kecimen
45901,325.87,248.03,0.6722,47012,0.6335,803.17,Kecimen
75052,280.9,274.03,0.7361,78459,0.7563,907.41,Kecimen
77033,298.13,226.52,0.6752,80196,0.6619,1111.4,Kecimen
83181,339.99,267.37,0.7077,86247,0.6374,1231.35,Besni
66932,491.44,154.73,0.6992,71401,0.6417,1161.45,Besni
49842,344.42,297.39,0.7395,51408,0.7296,1183.54,Kecimen
31860,522.49,276.11,0.7008,32622,0.7195,1346.19,Besni
52934,276.76,200.52,0.7276,55885,0.6888,1127.26,Kecimen
50974,314.88,203.34,0.7607,54065,0.7354,741.13,Kecimen
73900,455.53,204.62,0.6825,78384,0.6021,1115.87,Besni
94628,410.93,294.52,0.7792,98140,0.679,1026.88,Besni
55375,516.02,219.71,0.7377,57914,0.7567,1086.42,Besni
46096,328.44,145.02,0.7025,49155,0.7425,1072.28,Kecimen
79482,400.86,270.18,0.8994,82241,0.6548,1219.69,Besni
72192,295.54,226.72,0.7912,75123,0.6223,1153.21,Kecimen
47455,450.21,286.81,0.7321,49610,0.6697,1279.11,Besni
70242,423.64,221.66,0.7689,73807,0.6183,1544.61,Besni
120068,413.9,272.58,0.6343,126072,0.7962,1700.16,Besni
38628,374.67,199.0,0.6232,40905,0.6675,1005.12,Kecimen
98746,398.44,262.53,0.7684,102237,0.6376,996.75,Besni
29411,298.77,256.56,0.715,31655,0.7395,954.69,Kecimen
117790,314.23,277.42,0.7037,121220,0.7469,1070.8,Kecimen
42056,283.7,241.27,0.8499,44393,0.6126,1074.66,Kecimen
72786,337.77,241.04,0.7252,76430,0.6115,712.05,Kecimen
60367,299.31,252.74,0.7508,63728,0.7494,1105.68,Kecimen
78123,375.36,268.18,0.8089,82405,0.6365,1325.38,Besni
71907,434.05,250.6,0.8521,76955,0.6632,1364.77,Besni
93789,377.47,246.41,0.8397,98457,0.7997,1384.13,Besni
71384,324.26,230.95,0.7031,72983,0.6903,1133.09,Kecimen
81770,366.69,288.07,0.8327,85381,0.6728,1149.72,Besni
75407,328.0,212.16,0.8434,79160,0.7122,1152.87,Besni
92819,380.0,328.19,0.7743,95078,0.7175,1309.7,Besni
79413,332.62,286.91,0.6551,83510,0.6125,1283.93,Besni
72864,323.84,160.19,0.7581,77200,0.701,904.7,Kecimen
96263,399.24,251.7,0.7765,103794,0.7052,1451.34,Besni
61702,327.83,225.4,0.7491,64111,0.7,1071.04,Kecimen
50200,269.96,176.8,0.8434,52556,0.6995,958.04,Kecimen
69770,298.26,234.87,0.773,73200,0.653,814.35,Kecimen
55169,286.01,176.07,0.6144,57793,0.7234,861.37,Kecimen
34302,331.57,247.57,0.7785,36677,0.7213,944.42,Kecimen
71209,280.97,223.67,0.7317,74224,0.6565,1280.64,Kecimen
82503,420.03,266.82,0.8006,87571,0.7285,1266.4,Besni
37822,380.92,275.4,0.6981,39611,0.708,875.43,Kecimen
46523,318.02,231.66,0.7137,48085,0.6201,1271.4,Kecimen
87260,369.21,257.99,0.7565,89066,0.6963,1332.62,Besni
52291,368.26,178.99,0.7846,54576,0.6905,1093.31,Kecimen
67725,327.92,201.29,0.8096,72128,0.733,1074.95,Kecimen
60873,310.76,247.49,0.766,64547,0.6918,882.44,Kecimen
91591,360.02,323.47,0.8348,96639,0.6967,1217.73,Besni
51812,378.4,232.66,0.7569,53224,0.6576,1712.96,Besni
69361,317.02,248.92,0.7799,74475,0.7358,1042.1,Kecimen
44111,287.32,213.26,0.7213,45474,0.7461,1199.34,Kecimen
110148,544.26,258.04,0.8311,115018,0.7893,1274.15,Besni
77647,418.25,267.75,0.7501,79550,0.7083,1152.62,Besni
101474,310.19,201.86,0.8165,104073,0.6101,1475.93,Besni
79582,365.97,211.15,0.7978,84334,0.737,865.7,Kecimen
48251,301.63,183.23,0.6349,49454,0.7127,965.44,Kecimen
78787,372.87,201.45,0.7446,83911,0.6059,1141.31,Besni
82991,302.41,222.28,0.7128,88766,0.7123,829.35,Kecimen
111412,545.58,276.54,0.7948,113922,0.6613,1459.21,Besni
52812,330.82,239.28,0.7997,54746,0.6933,951.9,Kecimen
71674,388.9,253.86,0.7978,75517,0.69,1095.86,Besni
98860,355.32,293.48,0.7003,104165,0.7072,1254.18,Besni
64150,383.73,249.89,0.6977,66317,0.6991,770.33,Kecimen
75847,371.33,284.52,0.7397,78630,0.643,1293.13,Besni
58919,340.04,199.71,0.7234,60209,0.7516,1125.84,Kecimen
99330,435.09,283.85,0.794,101755,0.7704,1078.79,Besni
91562,438.99,266.5,0.7817,93634,0.6907,1068.58,Besni
51009,283.25,215.43,0.699,55039,0.6821,1069.48,Kecimen
115589,435.66,261.0,0.7419,121294,0.6795,1551.47,Besni
52719,213.96,226.03,0.6262,54526,0.7318,1102.5,Kecimen
116611,433.34,252.15,0.7481,120415,0.7618,1139.66,Besni
38278,318.42,221.02,0.66,39421,0.62,908.99,Kecimen
57374,380.46,267.22,0.799,59914,0.6105,1251.13,Besni
76501,397.4,261.55,0.7165,80220,0.6854,1240.14,Besni
79356,469.81,248.22,0.8198,84241,0.6201,1490.1,Besni
107232,371.6,312.82,0.7117,111478,0.6341,1188.84,Besni
58281,294.49,228.02,0.7314,60673,0.6679,1002.34,Kecimen
61305,254.9,206.43,0.8434,63254,0.6719,836.24,Kecimen
46742,212.12,222.36,0.6601,49909,0.6987,1044.13,Kecimen
147368,461.97,317.34,0.7898,157455,0.5954,1433.89,Besni
56253,441.01,249.96,0.8096,58090,0.5763,1567.97,Besni
109568,449.82,282.18,0.7884,116122,0.6201,1126.51,Besni
69342,297.17,193.05,0.8024,72734,0.7236,1128.18,Kecimen
99824,436.04,195.19,0.8447,105858,0.7094,1052.68,Besni
66193,317.19,237.07,0.737,67993,0.638,879.99,Kecimen
62550,389.43,289.64,0.8972,65397,0.7341,1062.39,Besni
43833,390.09,197.37,0.7899,47338,0.7619,1217.99,Kecimen
101081,304.19,248.0,0.8013,106423,0.7539,1230.2,Besni
39334,422.93,253.25,0.7064,40122,0.6053,1102.31,Kecimen
86687,445.68,296.24,0.7736,93122,0.6795,1289.71,Besni
63211,309.62,241.83,0.8197,65868,0.7594,806.16,Kecimen
69788,423.0,238.74,0.6844,71187,0.7609,1146.67,Besni
98719,401.72,214.24,0.7533,101127,0.7991,1092.35,Besni
112118,371.49,232.73,0.7945,116550,0.732,1109.13,Besni
105194,492.55,243.51,0.7912,110665,0.619,1327.01,Besni
103908,400.35,237.11,0.7725,107586,0.7286,1557.99,Besni
126361,361.31,266.71,0.7234,134217,0.6293,1248.35,Besni
94156,502.68,299.48,0.7674,97606,0.6546,1378.99,Besni
128703,465.67,212.49,0.8065,133603,0.6715,1316.01,Besni
64441,343.08,273.93,0.6883,66004,0.6871,928.17,Kecimen
77453,378.29,297.52,0.9075,82080,0.6644,1028.04,Besni
77371,290.91,221.31,0.793,80786,0.641,1219.63,Kecimen
65355,340.71,172.21,0.6563,67995,0.752,1364.01,Kecimen
68563,297.05,214.28,0.7187,71819,0.6196,1011.39,Kecimen
65760,352.82,224.82,0.6075,68548,0.7053,847.5,Kecimen
88486,351.41,252.7,0.8007,92022,0.6504,1494.65,Besni
61376,330.39,172.48,0.7067,63658,0.6158,1104.33,Kecimen
41283,364.13,293.19,0.9116,43068,0.6709,1049.18,Kecimen
95854,462.48,248.89,0.7715,99563,0.7219,1219.71,Besni
75876,319.34,183.71,0.6942,79294,0.6067,1014.3,Kecimen
79607,300.89,206.23,0.8735,83198,0.6804,860.57,Kecimen
135633,370.5,256.03,0.6889,143547,0.6743,1096.89,Besni
91543,427.97,221.79,0.8089,94344,0.6535,1424.66,Besni
66025,327.86,192.38,0.7708,67759,0.757,999.02,Kecimen
80343,350.22,263.2,0.7757,82200,0.6169,1063.24,Kecimen
81912,348.34,232.26,0.7849,84533,0.7263,1418.96,Besni
52604,268.82,179.98,0.8047,55621,0.715,811.22,Kecimen
120464,435.62,206.43,0.791,125527,0.6681,1115.34,Besni
92638,447.42,261.13,0.7363,99794,0.6526,1202.88,Besni
110834,454.35,187.28,0.7361,116459,0.5956,1200.54,Besni
69508,348.52,248.92,0.7616,73027,0.838,1128.94,Kecimen
41086,299.09,190.26,0.709,43693,0.7413,1085.59,Kecimen
33554,264.69,227.3,0.6806,35793,0.7214,774.54,Kecimen
82439,535.4,251.38,0.6381,88146,0.7604,1362.78,Besni
56967,348.01,272.49,0.7884,61415,0.7302,1138.64,Kecimen
136400,392.35,196.86,0.7818,139579,0.7208,1070.32,Besni
66931,312.64,211.58,0.7848,70951,0.6842,1072.4,Kecimen
79964,390.97,255.62,0.8391,82178,0.6671,1214.76,Besni
66191,325.17,186.41,0.7127,70542,0.7045,1040.72,Kecimen
82839,429.7,287.43,0.8072,87643,0.7507,1237.78,Besni
44134,328.14,154.04,0.6837,45459,0.7144,852.83,Kecimen
87784,281.78,276.43,0.6907,91504,0.7117,898.37,Kecimen
107529,427.25,239.53,0.8219,110449,0.6265,1287.89,Besni
53249,376.82,236.1,0.7507,55805,0.6522,901.32,Kecimen
91453,379.23,315.95,0.7103,96175,0.6155,1359.57,Besni
42251,421.08,265.92,0.6356,44649,0.6658,1101.87,Kecimen
58883,303.16,203.94,0.7604,62881,0.7071,1061.3,Kecimen
55514,321.92,147.28,0.6538,59080,0.6895,941.94,Kecimen
36988,381.9,261.71,0.7245,38746,0.7441,1089.58,Kecimen
72381,422.4,198.45,0.5927,74899,0.702,861.19,Kecimen
82168,317.36,190.99,0.7716,88235,0.6383,772.32,Kecimen
68927,297.5,229.29,0.698,70535,0.7392,782.71,Kecimen
118726,421.97,262.95,0.7381,123429,0.6588,1224.48,Besni
69484,397.59,226.06,0.8112,72578,0.6839,1364.96,Besni
67790,312.53,236.75,0.7864,69189,0.6444,1097.73,Kecimen
101670,493.33,248.79,0.785,105336,0.624,853.78,Besni
75339,390.91,272.45,0.735,79026,0.6496,1285.71,Besni
56487,288.29,221.39,0.5645,59733,0.6208,1054.54,Kecimen
75464,293.97,217.54,0.7798,81324,0.75,1299.35,Kecimen
70705,420.39,260.88,0.7705,75194,0.7254,1452.49,Besni
94046,371.72,272.16,0.8428,97315,0.6178,1445.16,Besni
91385,358.9,232.41,0.6647,94377,0.6869,992.47,Kecimen
60188,355.59,192.88,0.7314,64932,0.6371,1012.3,Kecimen
63915,311.88,239.23,0.7552,66001,0.7799,870.58,Kecimen
40432,375.29,248.49,0.7328,42242,0.7809,1050.08,Kecimen
66064,403.04,290.09,0.7908,67476,0.6689,1239.73,Besni
88779,408.02,246.53,0.8274,94540,0.6374,1190.34,Besni
107859,413.81,299.88,0.7691,111379,0.6896,1311.53,Besni
92781,404.48,281.2,0.8151,98106,0.7666,1291.69,Besni
61663,310.04,174.3,0.7074,65541,0.7221,837.13,Kecimen
47872,293.93,219.89,0.71,51625,0.6987,1133.56,Kecimen
53048,398.59,210.77,0.7191,56517,0.6758,1065.51,Kecimen
74626,342.39,195.89,0.6493,76945,0.6823,1164.47,Kecimen
41995,343.72,214.81,0.5782,44949,0.6589,811.52,Kecimen
77445,401.47,245.42,0.6791,82660,0.6842,1028.16,Besni
79164,339.73,198.94,0.7301,81520,0.655,604.64,Kecimen
98508,447.54,232.74,0.822,101165,0.6573,1269.96,Besni
77142,245.17,210.39,0.6482,79659,0.6916,832.52,Kecimen
56878,246.37,223.16,0.7215,60425,0.7163,893.56,Kecimen
70229,318.6,199.8,0.66,74810,0.6886,850.63,Kecimen
55624,364.78,218.03,0.8296,58988,0.7009,1069.39,Kecimen
73969,300.51,253.52,0.6746,77826,0.6665,1466.49,Kecimen
61735,333.38,210.84,0.7094,65502,0.6967,815.12,Kecimen
99024,530.63,268.11,0.8128,103409,0.6729,1213.38,Besni
123914,349.24,270.76,0.8178,130387,0.7426,1265.66,Besni
61465,323.29,197.93,0.7626,63486,0.6883,1068.59,Kecimen
65356,253.54,232.76,0.7689,66780,0.7808,989.26,Kecimen
108758,412.41,260.15,0.726,117206,0.6992,1180.8,Besni
48489,378.14,224.25,0.7852,49759,0.8045,870.84,Kecimen
91045,402.68,221.78,0.7377,95892,0.62,1111.93,Besni
45526,299.3,191.82,0.6833,48388,0.771,1052.45,Kecimen
119782,396.85,264.42,0.7257,127130,0.6632,1532.27,Besni
100312,388.36,249.3,0.7525,104181,0.569,930.69,Besni
97233,522.1,160.09,0.7329,101800,0.6823,1438.8,Besni
57723,330.24,190.53,0.6627,59852,0.6746,1146.37,Kecimen
112077,331.45,211.93,0.8211,115314,0.7145,1073.61,Besni
72067,408.63,273.77,0.7203,77378,0.7017,1306.07,Besni
55670,300.85,232.57,0.834,59784,0.6841,669.17,Kecimen
100119,479.09,257.62,0.8596,107465,0.6738,1104.04,Besni
131059,403.9,285.06,0.7002,136474,0.6233,874.56,Besni
68156,316.22,269.68,0.8231,71894,0.6875,1007.33,Besni
77691,326.66,222.45,0.6644,80919,0.7095,836.56,Kecimen
66764,431.64,260.79,0.8394,68888,0.6541,1241.67,Besni
53981,260.58,177.59,0.7146,56563,0.6492,1100.25,Kecimen
104121,449.31,195.53,0.7759,109463,0.6513,1150.43,Besni
88110,463.97,190.86,0.8076,94862,0.6515,943.66,Besni
67716,345.32,234.24,0.7989,72354,0.7,1082.99,Kecimen
67656,358.05,220.68,0.7519,72506,0.7038,1464.8,Besni
51159,295.01,201.96,0.7152,55221,0.7311,967.45,Kecimen
71511,278.59,242.39,0.7435,75459,0.7254,936.89,Kecimen
83342,376.16,326.17,0.7769,85164,0.6387,1472.07,Besni
49284,395.07,199.85,0.6928,51716,0.7687,1201.07,Kecimen
82130,299.36,245.01,0.7494,87384,0.7831,1092.96,Kecimen
33618,367.54,238.0,0.6785,34525,0.7504,960.48,Kecimen
53690,313.77,247.74,0.8221,55089,0.6833,1092.55,Kecimen
42855,347.85,230.39,0.7936,44279,0.6628,896.42,Kecimen
103904,461.01,267.27,0.7508,106221,0.6,1159.96,Besni
99469,481.98,259.22,0.8241,102023,0.7291,1010.47,Besni
111278,479.59,296.27,0.8191,117027,0.6263,1253.62,Besni
47404,266.22,224.01,0.7066,50680,0.6905,1044.49,Kecimen
47565,283.07,223.76,0.7548,51186,0.7188,762.1,Kecimen
83267,331.43,188.05,0.8503,89597,0.6782,1127.23,Kecimen
71508,402.53,265.1,0.8475,76862,0.6497,1136.93,Besni
58047,392.5,284.35,0.7528,62054,0.6904,964.81,Kecimen
69715,280.57,220.86,0.7525,74610,0.6646,782.32,Kecimen
37209,257.73,269.26,0.691,38340,0.6327,837.23,Kecimen
74884,473.72,284.37,0.8009,78058,0.6612,1195.35,Besni
52603,355.04,282.17,0.8131,56640,0.6388,1200.53,Besni
84486,324.57,261.53,0.7379,86511,0.5781,1012.88,Kecimen
42130,248.85,236.31,0.7253,44193,0.7528,1121.71,Kecimen
89248,486.57,210.43,0.7943,91510,0.5704,1138.44,Besni
87769,489.67,258.34,0.8043,94453,0.65,1178.02,Besni
79971,458.2,189.74,0.8182,83334,0.6858,1246.38,Besni
61137,335.21,217.35,0.6658,63356,0.7336,992.03,Kecimen
55958,300.42,213.6,0.6297,59299,0.6015,950.58,Kecimen
61759,425.3,221.22,0.7023,63336,0.7821,1080.19,Kecimen
84429,343.36,201.6,0.7014,88160,0.7007,1070.39,Kecimen
109030,385.22,278.09,0.801,115707,0.6802,1493.18,Besni
61804,297.91,252.58,0.8167,64452,0.6843,1025.78,Kecimen
91023,448.53,272.2,0.7874,96601,0.7077,1005.93,Besni
47591,284.22,218.33,0.6615,49475,0.7279,1191.23,Kecimen
52399,364.3,223.88,0.8092,55474,0.6776,1210.06,Besni
128824,412.09,287.78,0.7645,132272,0.6698,976.59,Besni
102929,414.68,235.08,0.7747,106464,0.6945,979.48,Besni
74310,318.69,246.1,0.5745,76214,0.6615,1072.34,Kecimen
64233,427.15,187.78,0.6755,68397,0.689,1021.74,Besni
30186,283.83,242.81,0.7034,32243,0.6597,1127.37,Kecimen
67829,302.23,264.3,0.7814,70462,0.7563,1031.09,Kecimen
71619,387.86,210.26,0.7049,73590,0.7097,801.63,Kecimen
70953,427.47,257.81,0.776,73512,0.7166,1425.69,Besni
87446,503.45,251.28,0.7102,94424,0.6567,1260.51,Besni
28141,279.83,241.24,0.7188,29142,0.691,1029.59,Kecimen
98392,366.13,286.29,0.814,102699,0.6738,1148.96,Besni
67103,410.83,239.42,0.696,70957,0.6947,992.7,Kecimen
94680,328.42,279.88,0.7851,97792,0.6459,1335.61,Besni
116572,352.52,293.67,0.8129,123586,0.6774,1213.05,Besni
86114,431.45,243.17,0.8225,90317,0.7331,1495.38,Besni
113455,313.37,195.73,0.7544,122500,0.6129,1296.58,Besni
94579,466.66,241.98,0.8011,96882,0.7361,855.01,Besni
54122,377.18,286.58,0.8005,56221,0.6754,1436.95,Besni
69931,280.87,261.76,0.6692,74888,0.7301,861.04,Kecimen
71089,428.92,205.2,0.7783,72709,0.6239,1334.42,Besni
98328,420.88,279.54,0.7721,104545,0.706,1374.21,Besni
73493,327.47,219.41,0.7088,76915,0.7335,793.36,Kecimen
58843,395.28,222.3,0.7064,61748,0.7328,965.59,Kecimen
68787,339.42,264.74,0.7793,74004,0.7149,1141.31,Besni
101060,523.4,310.66,0.7378,104256,0.7016,1289.2,Besni
98516,365.13,302.71,0.8123,105036,0.6688,1134.6,Besni
64147,426.99,265.41,0.8315,67903,0.6543,938.55,Besni
61456,353.43,226.25,0.7598,66281,0.7273,1104.82,Kecimen
64897,413.5,261.66,0.7771,67274,0.6531,1210.91,Besni
47142,381.18,209.52,0.6139,48872,0.631,847.05,Kecimen
88382,431.21,240.89,0.7708,95375,0.8094,1559.99,Besni
129831,419.65,277.31,0.8136,132726,0.6712,1251.33,Besni
50323,350.06,177.08,0.7505,53161,0.6795,834.98,Kecimen
61028,303.39,169.94,0.6976,64099,0.7248,856.43,Kecimen
108007,428.02,252.99,0.7531,114105,0.6433,1063.46,Besni
114379,379.38,240.81,0.7664,118272,0.7605,1105.73,Besni
83249,329.93,267.22,0.776,87350,0.6249,886.23,Kecimen
74450,417.83,209.13,0.715,77966,0.7278,1152.65,Kecimen
50990,443.16,266.97,0.6837,53401,0.6951,1099.95,Kecimen
101447,426.15,237.95,0.7133,108104,0.6223,1087.11,Besni
41313,259.87,221.56,0.6926,42354,0.7354,1103.46,Kecimen
76481,324.88,199.21,0.7129,80312,0.6919,1012.85,Kecimen
101481,361.39,277.66,0.745,105911,0.7027,1320.4,Besni
102064,473.26,257.89,0.7692,105408,0.7165,1376.57,Besni
75756,470.36,358.51,0.8338,77551,0.6133,1381.95,Besni
63411,322.86,270.52,0.6869,64896,0.7154,723.07,Kecimen
65117,373.82,181.51,0.6624,68938,0.7097,993.48,Kecimen
83688,315.72,179.2,0.6872,89702,0.7134,1133.03,Kecimen
104246,410.87,309.72,0.8773,107127,0.7142,1136.02,Besni
62750,299.09,231.8,0.7685,66143,0.7092,1104.69,Kecimen
83469,342.82,200.42,0.6696,86196,0.739,1251.17,Kecimen
105586,479.59,234.27,0.7517,111925,0.7444,1163.18,Besni
46541,266.59,178.91,0.7185,49401,0.701,1058.37,Kecimen
106310,446.88,228.48,0.6711,111391,0.684,1180.9,Besni
71727,299.6,246.51,0.8404,76032,0.6815,782.55,Kecimen
92159,271.11,212.68,0.7457,95884,0.753,917.57,Kecimen
94719,369.84,253.17,0.7677,99273,0.703,1160.95,Kecimen
59299,379.45,303.22,0.7985,60962,0.6471,1386.02,Besni
73358,409.22,273.42,0.7992,77560,0.7,983.86,Besni
44065,345.31,231.98,0.8236,45327,0.6767,1051.57,Kecimen
98566,359.14,267.33,0.8133,104487,0.7059,1211.5,Besni
71874,310.1,215.59,0.8113,77126,0.7557,1149.53,Kecimen
70710,253.81,232.9,0.6243,73336,0.7257,944.57,Kecimen
62570,379.2,246.17,0.6793,66071,0.6059,1146.83,Kecimen
99118,425.57,269.77,0.8329,104651,0.6285,1155.76,Besni
63863,335.78,251.49,0.7974,66206,0.6403,733.56,Kecimen
80529,391.78,160.74,0.6408,84855,0.7661,705.61,Kecimen
47411,296.3,230.28,0.6347,49748,0.7696,1091.01,Kecimen
123344,438.67,314.56,0.7352,129359,0.6804,1446.23,Besni
64663,357.53,229.93,0.741,67290,0.6912,718.52,Kecimen
84337,382.16,210.81,0.8725,90453,0.7463,1270.54,Besni
51834,385.8,255.85,0.8083,55372,0.7084,836.91,Kecimen
117108,449.14,277.2,0.8431,124569,0.685,1139.91,Besni
70763,361.77,264.72,0.7656,72504,0.7446,1109.78,Kecimen
59166,364.35,225.11,0.8004,62521,0.7343,1091.87,Kecimen
54223,396.38,230.56,0.7522,57583,0.7888,850.29,Kecimen
43130,259.37,244.53,0.7645,44987,0.7302,865.74,Kecimen
88041,375.48,266.98,0.7311,92600,0.6672,1258.61,Besni
108275,412.48,205.02,0.7684,116395,0.7018,1592.05,Besni
56211,318.49,250.68,0.7092,60468,0.7133,981.18,Kecimen
94332,482.64,225.51,0.7823,101571,0.6924,1218.93,Besni
114992,412.49,322.96,0.871,120722,0.658,1246.44,Besni
69704,461.16,194.92,0.7564,73874,0.6098,1384.46,Besni
44962,307.63,183.71,0.7055,47389,0.6692,972.32,Kecimen
46379,298.78,206.61,0.6934,48258,0.6894,924.37,Kecimen
31411,500.74,274.15,0.7669,33254,0.6391,1188.22,Besni
63674,330.86,202.55,0.7723,66830,0.7087,993.58,Kecimen
52225,271.56,218.57,0.685,55220,0.6704,946.45,Kecimen
57215,317.99,259.87,0.7534,61522,0.7405,1269.28,Kecimen
77447,266.07,223.13,0.7752,80599,0.7044,1055.12,Kecimen
30718,338.9,248.22,0.6958,31843,0.639,955.74,Kecimen
58368,377.88,236.16,0.5896,62340,0.7249,969.78,Kecimen
82866,356.05,293.0,0.804,88210,0.6939,1074.25,Besni
63629,292.01,227.48,0.7272,67602,0.7806,1185.37,Kecimen
43936,313.68,210.35,0.7394,45391,0.6687,996.47,Kecimen
74256,359.37,186.9,0.777,78824,0.6785,845.12,Kecimen
59085,403.67,307.45,0.7512,62767,0.7222,1434.15,Besni
35809,305.14,185.71,0.6386,36857,0.6346,792.84,Kecimen
88067,479.74,218.38,0.7974,91438,0.6653,1147.34,Besni
111174,472.87,270.91,0.6714,116047,0.6394,1624.88,Besni
97352,412.98,294.66,0.7254,100029,0.6192,1162.95,Besni
106935,473.42,267.17,0.7998,110910,0.7094,1124.11,Besni
69576,374.09,252.25,0.7511,72325,0.7415,977.74,Besni
98826,391.41,273.59,0.7661,105908,0.5763,1226.86,Besni
60195,280.42,173.3,0.8331,62743,0.7562,1085.81,Kecimen
104712,479.64,317.04,0.8196,112547,0.6838,895.88,Besni
65498,313.32,143.38,0.7009,69394,0.6551,1162.27,Kecimen
90911,312.92,221.7,0.7226,95323,0.6821,895.48,Kecimen
47689,274.98,167.81,0.608,49581,0.7323,862.37,Kecimen
86481,356.96,267.84,0.7212,89442,0.6836,1118.56,Kecimen
79612,350.57,297.64,0.7304,85968,0.7938,1216.12,Besni
88023,364.64,284.62,0.7597,90562,0.7185,1453.08,Besni
20703,289.47,206.61,0.6573,22189,0.7655,999.16,Kecimen
96948,306.96,199.32,0.669,99641,0.725,1166.9,Kecimen
87212,356.5,236.25,0.8223,89476,0.7024,1327.69,Besni
97228,418.39,280.74,0.7944,102348,0.7264,1411.08,Besni
57580,333.5,240.95,0.7539,62093,0.6946,1181.79,Kecimen
57114,368.05,272.08,0.6852,59135,0.6099,905.61,Kecimen
96349,481.04,234.39,0.7466,102838,0.6562,1200.97,Besni
49469,341.19,212.58,0.7309,52988,0.6782,1073.8,Kecimen
92523,449.57,285.62,0.844,98555,0.6547,1242.01,Besni
67699,296.92,220.81,0.7641,69325,0.6993,900.95,Kecimen
47617,353.36,270.33,0.6921,49797,0.7051,802.11,Kecimen
86336,406.0,297.8,0.7519,88949,0.7148,1246.78,Besni
135448,416.8,276.56,0.9178,143154,0.6954,1148.44,Besni
67179,470.08,260.96,0.7168,70912,0.6793,1344.31,Besni
92188,474.1,275.7,0.7933,95231,0.733,1457.05,Besni
80818,411.05,226.72,0.7505,84491,0.6738,1112.45,Besni
54118,221.13,189.95,0.744,55476,0.6956,677.0,Kecimen
53014,321.41,226.57,0.7548,55481,0.7073,1060.64,Kecimen
100004,475.84,278.93,0.7865,103576,0.6421,1156.64,Besni
55483,285.55,217.02,0.7282,58940,0.7046,878.76,Kecimen
58265,323.09,239.51,0.8408,60057,0.6726,1012.8,Kecimen
69425,344.83,286.32,0.6941,74600,0.7359,1263.79,Kecimen
88451,349.03,254.82,0.7578,91262,0.6924,1051.09,Kecimen
62280,461.41,206.55,0.7657,64507,0.6586,936.27,Besni
82615,384.04,266.34,0.7124,85506,0.7427,1178.48,Besni
121796,367.87,238.62,0.8536,129141,0.6996,1545.84,Besni
90376,449.3,280.7,0.8514,95188,0.5986,1110.78,Besni
56030,322.23,265.02,0.6907,57625,0.6614,1168.65,Kecimen
52336,430.64,239.35,0.7771,55605,0.8356,1568.27,Besni
99828,393.77,245.17,0.8352,103738,0.6635,1218.3,Besni
106603,315.68,307.48,0.798,115124,0.7044,1200.05,Besni
81803,314.97,207.16,0.8126,86686,0.7474,990.67,Kecimen
111227,321.55,238.08,0.8877,116553,0.6901,988.83,Besni
99503,443.58,278.2,0.7319,105948,0.6458,897.68,Besni
78214,358.58,274.69,0.8353,80569,0.6793,1284.81,Besni
52113,289.29,248.7,0.7018,56187,0.7686,1046.7,Kecimen
49384,390.19,287.57,0.8175,51533,0.7437,1186.7,Kecimen
28988,362.67,233.11,0.7104,29751,0.7988,994.1,Kecimen
57794,363.23,269.17,0.7913,60136,0.6713,906.15,Kecimen
89951,328.44,325.41,0.8146,91795,0.6663,1129.73,Besni
51565,311.16,228.37,0.7105,54442,0.6554,1178.88,Kecimen
82845,340.16,258.35,0.7655,87581,0.6243,998.19,Kecimen
107628,338.1,243.05,0.7356,112165,0.7105,1385.62,Besni
79003,268.78,199.36,0.7274,84382,0.6762,1442.36,Kecimen
125098,380.22,270.89,0.7931,128098,0.6895,978.19,Besni
50977,417.55,327.32,0.763,52148,0.6914,1187.51,Besni
110539,348.85,294.06,0.8037,116750,0.6984,1303.72,Besni
87471,335.3,245.15,0.7897,92251,0.6318,902.19,Kecimen
70293,306.29,239.16,0.7376,74906,0.768,882.1,Kecimen
84647,400.19,235.89,0.7801,91296,0.61,857.97,Besni
90368,441.22,193.86,0.6825,97539,0.6782,1210.3,Besni
69680,318.67,221.93,0.6755,75133,0.6675,848.72,Kecimen
44909,344.87,214.44,0.8169,47595,0.7011,1393.12,Kecimen
98645,482.96,292.64,0.8228,105413,0.7674,996.01,Besni
68138,272.08,284.9,0.731,73550,0.7448,1029.84,Kecimen
66074,312.6,194.59,0.6763,67592,0.7078,1051.01,Kecimen
61012,259.39,223.99,0.6377,65823,0.6888,898.64,Kecimen
59722,328.89,270.18,0.7604,63270,0.6812,909.29,Kecimen
31991,237.06,255.61,0.6447,33525,0.7139,1354.58,Kecimen
125635,357.11,246.96,0.7515,130923,0.6544,1246.18,Besni
94251,471.8,300.58,0.7277,98899,0.67,1277.25,Besni
79293,300.48,241.35,0.7729,81658,0.6341,986.18,Besni
88018,535.18,203.44,0.7505,93210,0.6841,1268.51,Besni
47666,337.18,208.63,0.7552,50139,0.7082,1185.62,Kecimen
70405,460.54,228.93,0.7781,74452,0.6235,1256.79,Besni
119898,358.86,160.63,0.8077,123553,0.7361,1553.21,Besni
75807,275.74,215.81,0.6704,78520,0.6846,892.64,Kecimen
62796,305.01,183.17,0.698,67482,0.6746,993.19,Kecimen
55085,377.66,199.54,0.6422,59286,0.6945,921.09,Kecimen
87786,436.81,256.35,0.6715,90397,0.6607,909.3,Besni
70045,345.95,175.45,0.6749,74286,0.7052,1214.71,Kecimen
115539,436.08,304.94,0.7687,119179,0.6104,1470.31,Besni
91995,361.17,190.31,0.6999,97914,0.6725,937.39,Kecimen
56648,279.52,231.46,0.692,60587,0.7477,1033.8,Kecimen
130937,410.23,243.74,0.8161,138814,0.6831,1129.13,Besni
82535,347.28,224.46,0.7249,85942,0.6394,1050.26,Kecimen
122569,403.72,205.99,0.7701,131600,0.6862,936.3,Besni
63483,374.23,227.82,0.7198,66167,0.6673,959.25,Kecimen
72328,247.8,163.31,0.602,77619,0.7698,1100.31,Kecimen
58048,381.37,280.49,0.7473,59935,0.7255,1267.81,Besni
66912,454.64,225.29,0.7711,69270,0.6472,1122.3,Besni
50996,333.9,217.05,0.7969,52828,0.7602,1091.03,Kecimen
65424,323.97,218.8,0.8117,67064,0.6455,916.25,Kecimen
109506,342.86,246.41,0.7773,112357,0.6995,1111.18,Besni
47298,268.4,212.23,0.6498,49865,0.6679,934.49,Kecimen
38462,251.59,228.44,0.6337,39772,0.7618,1447.79,Kecimen
92685,473.49,270.74,0.7434,97945,0.7319,1252.35,Besni
81680,464.73,296.89,0.7351,84204,0.7526,1037.76,Besni
29622,310.39,255.68,0.7306,31307,0.7196,941.93,Kecimen
52053,360.25,213.37,0.7495,54141,0.6763,1001.06,Kecimen
93909,484.8,225.91,0.7682,96194,0.6875,1226.43,Besni
42469,279.68,205.48,0.7437,43477,0.669,743.9,Kecimen
92856,231.55,233.09,0.7589,97412,0.654,1217.27,Kecimen
121811,430.6,336.87,0.8436,131484,0.6694,1200.2,Besni
50659,360.57,190.95,0.6559,53848,0.7726,1008.24,Kecimen
50073,348.44,237.92,0.6703,52606,0.6987,1003.81,Kecimen
67450,317.49,231.06,0.6498,71884,0.7951,980.87,Kecimen
113612,445.76,277.06,0.6488,117947,0.6696,1241.85,Besni
66439,383.6,232.79,0.866,68792,0.7167,1368.74,Besni
63265,415.41,333.43,0.7676,66228,0.6391,1173.36,Besni
52962,339.7,217.03,0.7343,56638,0.6669,882.29,Kecimen
99400,477.32,245.47,0.8639,104588,0.732,1394.57,Besni
45141,329.42,221.14,0.7127,46862,0.5735,946.03,Kecimen
61047,298.41,190.34,0.7241,64507,0.693,1308.48,Kecimen
100640,425.17,277.29,0.7642,106460,0.6285,1263.6,Besni
59479,238.48,200.46,0.8202,63073,0.6606,919.63,Kecimen
49270,357.43,218.08,0.6759,52530,0.7105,799.21,Kecimen
98364,346.15,222.32,0.781,103644,0.6336,1758.38,Besni
85686,469.78,206.0,0.7573,91445,0.6211,1115.73,Besni
55361,285.44,233.7,0.8101,57803,0.6875,972.52,Kecimen
129450,500.44,302.23,0.8602,135443,0.5877,1386.89,Besni
45277,326.83,197.38,0.8324,48794,0.6691,1138.27,Kecimen
64862,294.92,194.94,0.7704,69678,0.5719,1128.77,Kecimen
90249,446.67,281.66,0.7493,95299,0.705,1176.02,Besni
63898,361.5,214.82,0.8125,67377,0.7311,987.48,Kecimen
95159,382.01,301.25,0.7272,100158,0.6765,1182.58,Besni
76460,438.21,268.51,0.765,80760,0.6163,1501.91,Besni
95051,467.5,239.16,0.7788,99904,0.6586,1282.33,Besni
73943,384.51,244.94,0.8048,75527,0.6779,1149.28,Besni
48404,362.62,257.08,0.6939,49567,0.7233,1218.37,Kecimen
53399,305.46,237.84,0.6944,57116,0.7711,965.53,Kecimen
93694,483.77,291.2,0.757,97934,0.7612,1121.94,Besni
51126,327.39,200.11,0.7991,53974,0.7319,1000.51,Kecimen
74573,290.76,234.6,0.7317,79001,0.6909,919.17,Kecimen
56734,296.97,182.68,0.799,59389,0.6728,847.92,Kecimen
59714,302.62,256.83,0.7446,63849,0.637,906.35,Kecimen
53090,278.51,174.23,0.6392,56819,0.7633,1062.76,Kecimen
56798,321.19,173.32,0.7308,61009,0.6178,926.21,Kecimen
67469,376.37,238.27,0.7044,71809,0.6962,1118.36,Kecimen
92871,411.98,232.89,0.805,96224,0.7118,1388.74,Besni
81806,395.15,221.55,0.728,84814,0.575,1141.65,Besni
59107,316.13,288.73,0.6262,61129,0.6931,1082.09,Kecimen
65779,309.09,217.58,0.7481,70430,0.7535,1039.52,Kecimen
79327,429.32,290.67,0.7729,85110,0.6311,1403.58,Besni
66933,370.31,294.92,0.7496,69622,0.6937,1368.72,Besni
62618,302.7,239.06,0.7429,65522,0.6437,1021.51,Kecimen
79695,439.42,245.85,0.7846,85162,0.7008,1199.4,Besni
74633,286.76,233.43,0.705,78689,0.713,1133.15,Kecimen
71241,436.46,221.84,0.8113,75674,0.7051,1323.19,Besni
44634,335.97,170.64,0.7153,47041,0.6948,961.76,Kecimen
67926,408.2,318.75,0.805,70451,0.6943,1269.27,Besni
38769,323.46,261.98,0.7385,40169,0.7348,1158.99,Kecimen
58663,366.77,255.72,0.7603,61085,0.6218,979.83,Kecimen
75862,393.43,229.78,0.7553,80595,0.6604,1360.48,Besni
105149,463.62,255.19,0.765,109360,0.6432,1318.71,Besni
106814,435.98,220.54,0.7208,111241,0.6945,1374.91,Besni
85550,383.8,253.11,0.7467,90937,0.6287,1498.12,Besni
48693,328.96,230.4,0.8312,50179,0.7567,801.03,Kecimen
100802,363.77,245.51,0.6528,106270,0.7204,949.89,Kecimen
59686,282.02,221.47,0.7403,61101,0.6405,869.76,Kecimen
63655,328.31,213.89,0.6915,66027,0.7025,931.4,Kecimen
47887,443.12,331.47,0.8199,49246,0.6169,1208.49,Besni
64454,335.09,261.4,0.7556,67823,0.6974,1010.4,Kecimen
68802,353.18,271.83,0.6729,70519,0.8037,1167.61,Kecimen
112437,453.24,271.36,0.7372,120891,0.6009,1299.16,Besni
64861,357.05,212.76,0.6572,68530,0.6677,1157.79,Kecimen
57600,301.51,231.22,0.7866,61971,0.7115,821.55,Kecimen
92910,454.64,292.94,0.7667,96475,0.6749,1262.31,Besni
35887,339.16,252.36,0.6861,37591,0.7135,775.52,Kecimen
114010,494.87,307.69,0.6909,117584,0.7297,1153.02,Besni
78567,298.76,229.65,0.7801,81847,0.7244,1135.34,Kecimen
127945,430.93,231.14,0.6843,136958,0.641,1063.49,Besni
61454,348.31,184.37,0.7057,65474,0.8206,1005.74,Kecimen
38815,296.97,225.82,0.6669,40820,0.6506,987.77,Kecimen
88455,427.89,256.25,0.7313,92040,0.6807,1258.28,Besni
59020,380.9,259.81,0.804,61500,0.6671,1188.07,Besni
100055,429.05,310.86,0.7078,104562,0.6454,1463.51,Besni
57864,338.86,219.73,0.7772,59789,0.7178,1133.54,Kecimen
116924,428.78,219.62,0.7946,119637,0.7053,1188.47,Besni
40077,387.49,227.31,0.7219,41540,0.6983,910.37,Kecimen
72407,299.55,205.19,0.7853,76256,0.6806,1077.14,Kecimen
54982,307.62,220.47,0.6594,56611,0.7561,1121.98,Kecimen
91571,421.74,230.74,0.8503,95161,0.6869,1021.23,Besni
56867,456.57,251.51,0.8226,59278,0.5748,1302.84,Besni
84239,352.6,257.79,0.6384,87697,0.6443,1421.44,Besni
133301,409.87,333.26,0.7206,143174,0.6909,1116.71,Besni
64396,336.54,203.49,0.7098,66437,0.6702,1251.02,Kecimen
68824,359.31,213.26,0.7454,74178,0.6926,1137.77,Kecimen
69229,459.11,224.31,0.7693,72991,0.6963,1096.72,Besni
64713,350.3,225.6,0.664,69614,0.664,1047.95,Kecimen
51505,350.83,223.6,0.7452,54276,0.6857,801.09,Kecimen
47726,345.3,239.01,0.6965,48700,0.699,955.05,Kecimen
52736,344.24,250.29,0.6628,54992,0.659,876.19,Kecimen
74546,420.36,249.7,0.7297,79934,0.7324,1136.84,Besni
64308,403.18,282.61,0.7921,68481,0.7192,1031.33,Besni
53302,306.57,217.85,0.7183,55565,0.74,1262.44,Kecimen
64523,303.68,225.94,0.7553,67189,0.6729,1230.06,Kecimen
93161,405.79,270.4,0.7972,98061,0.736,894.33,Besni
69385,252.3,209.54,0.7285,71543,0.6514,1084.69,Kecimen
51597,265.93,207.12,0.7395,53203,0.6549,718.01,Kecimen
65859,370.24,176.46,0.8119,69511,0.6742,1184.26,Besni
111162,378.15,233.86,0.8456,118940,0.6664,1001.24,Besni
69472,432.86,239.35,0.8276,71661,0.7317,1114.3,Besni
81641,364.02,251.49,0.7905,87543,0.6182,1602.77,Besni
82246,441.47,227.09,0.6775,85936,0.721,1231.11,Besni
116366,388.09,250.91,0.8178,119242,0.6919,845.1,Besni
100229,399.39,289.39,0.8383,106659,0.7461,931.57,Besni
49202,341.56,187.9,0.7311,52157,0.6486,1078.38,Kecimen
54479,383.03,233.31,0.664,58454,0.8268,1012.59,Besni
67107,270.21,255.18,0.7773,70432,0.85,1124.46,Kecimen
72765,462.9,269.74,0.7028,77016,0.6303,1482.57,Besni
47762,338.86,234.31,0.7549,50377,0.553,1175.44,Kecimen
44807,344.57,238.24,0.7184,48198,0.5924,733.21,Kecimen
77756,485.6,210.17,0.8442,83514,0.6953,1047.39,Besni
65154,284.98,218.63,0.792,66531,0.7485,1097.57,Kecimen
99923,390.15,271.35,0.8143,105541,0.6052,1253.68,Besni
129065,330.34,277.27,0.7781,134722,0.7287,790.36,Besni
104793,434.35,248.86,0.8057,110687,0.6549,1383.14,Besni
49483,400.32,260.08,0.7308,51799,0.7427,1331.11,Besni
53640,436.54,200.88,0.7122,56818,0.6389,1060.31,Besni
41432,251.9,172.88,0.7818,44460,0.5852,862.2,Kecimen
115577,378.72,291.02,0.7317,120919,0.6635,1050.54,Besni
76334,288.89,185.61,0.7179,79830,0.7092,1108.23,Kecimen
42735,343.06,203.23,0.6799,45110,0.6455,1101.91,Kecimen
82770,431.29,261.59,0.8159,84988,0.6733,1255.67,Besni
39298,305.63,210.93,0.6749,42049,0.6523,769.66,Kecimen
93133,470.47,269.68,0.813,95182,0.6936,1404.21,Besni
70352,361.27,225.08,0.6879,74194,0.779,1089.82,Kecimen
70193,370.86,229.86,0.6714,73272,0.6754,1103.94,Kecimen
30604,276.74,241.25,0.8137,32407,0.7054,962.27,Kecimen
109556,468.02,176.99,0.7842,117683,0.6065,852.51,Besni
92297,302.18,256.39,0.6639,97090,0.6582,1061.46,Kecimen
85029,367.43,223.26,0.7559,90495,0.7284,935.56,Besni
113071,361.03,270.33,0.8262,115984,0.6412,1274.45,Besni
56346,386.49,189.24,0.776,58004,0.7075,1558.86,Besni
72433,582.15,249.59,0.8373,76530,0.6816,1340.82,Besni
62597,310.17,241.98,0.6839,65940,0.7176,924.55,Kecimen
84403,361.19,239.05,0.7905,88691,0.6149,1309.01,Besni
107780,446.81,237.4,0.7647,113055,0.7834,981.07,Besni
65810,479.73,266.95,0.8381,68918,0.6879,1083.04,Besni
83956,453.58,265.5,0.8234,90338,0.6479,1223.92,Besni
75659,406.87,294.81,0.7769,77196,0.6595,1169.37,Besni
126592,442.89,246.44,0.8183,130852,0.7996,1239.19,Besni
117726,428.61,232.82,0.7275,123079,0.6839,1240.55,Besni
77378,331.2,254.46,0.677,80814,0.7261,831.62,Kecimen
105438,404.25,167.92,0.7879,111149,0.7336,1020.38,Besni
49799,354.78,234.82,0.6709,53452,0.6547,918.0,Kecimen
73062,423.66,229.17,0.7212,76269,0.6284,1217.01,Besni
86543,463.61,206.84,0.7796,90022,0.7214,1327.56,Besni
118370,384.27,273.85,0.8207,123611,0.589,1554.05,Besni
59602,403.02,225.93,0.6465,61864,0.8116,797.1,Kecimen
60964,275.58,229.08,0.6231,64366,0.79,965.37,Kecimen
68582,428.93,297.46,0.7797,71364,0.7166,1264.9,Besni
47965,330.18,200.59,0.8761,49348,0.7185,795.11,Kecimen
86330,288.07,235.89,0.8217,90168,0.6676,1087.3,Kecimen
61012,400.41,214.39,0.7531,62351,0.6876,1093.84,Kecimen
104254,432.93,280.84,0.775,108463,0.7156,1007.04,Besni
71278,305.94,232.72,0.7467,76163,0.6764,1185.37,Kecimen
69175,342.52,263.31,0.7631,73890,0.746,1037.53,Kecimen
65196,283.11,231.87,0.6869,70370,0.7631,1026.52,Kecimen
60704,367.56,197.33,0.6102,62226,0.6353,1154.59,Kecimen
82473,349.66,248.66,0.8126,84276,0.6431,1303.78,Besni
67706,319.03,188.4,0.6718,71608,0.6591,1035.91,Kecimen
98009,400.12,220.76,0.8161,101854,0.6417,1320.27,Besni
110470,377.75,301.84,0.7398,115110,0.7009,1321.65,Besni
52957,297.85,239.36,0.6313,55862,0.6209,609.37,Kecimen
92621,360.8,292.53,0.7856,98610,0.6236,1222.3,Besni
63132,294.14,189.36,0.7981,67035,0.6428,1117.51,Kecimen
88132,505.6,261.73,0.7271,95007,0.6456,1105.08,Besni
75486,263.66,180.31,0.672,78268,0.6848,908.16,Kecimen
69155,362.15,236.3,0.6988,74391,0.7563,1058.44,Kecimen
46952,319.08,230.38,0.7993,48129,0.6842,1486.79,Besni
100442,388.29,235.56,0.8273,106463,0.7244,1138.9,Besni
128228,481.46,304.52,0.8192,131856,0.7069,1256.62,Besni
112746,346.29,279.99,0.7685,116709,0.6834,1489.05,Besni
85237,348.2,260.45,0.7834,90044,0.6647,1274.4,Besni
20000,298.2,178.31,0.773,21212,0.7195,1082.33,Kecimen
68997,471.47,238.73,0.7502,72919,0.6771,1522.78,Besni
64609,289.78,236.57,0.7791,66913,0.6464,915.28,Kecimen
64984,295.49,220.31,0.7052,69919,0.6765,1069.48,Kecimen
63757,350.28,201.23,0.7667,68245,0.6113,891.74,Kecimen
93922,470.09,176.28,0.8126,100425,0.611,1249.5,Besni
103641,350.21,237.95,0.7051,110392,0.738,1431.85,Besni
77869,421.7,286.25,0.7207,80247,0.6641,1155.22,Besni
87409,364.42,317.52,0.804,91543,0.7135,890.2,Besni
40193,280.85,172.71,0.7925,43076,0.6985,849.41,Kecimen
41445,309.21,239.57,0.8437,44206,0.7189,861.72,Kecimen
90920,354.21,276.79,0.679,97814,0.7323,1381.13,Besni
121772,324.6,295.88,0.7932,130645,0.7127,1061.51,Besni
113403,444.84,259.67,0.7466,118085,0.6821,1451.35,Besni
49223,321.13,227.01,0.7508,51822,0.6948,1180.01,Kecimen
122637,501.46,263.03,0.8273,129004,0.6916,1287.85,Besni
41787,257.19,216.11,0.7007,43653,0.7274,833.2,Kecimen
67098,352.93,250.91,0.7508,72172,0.7363,980.28,Kecimen
38972,311.24,284.27,0.7209,40113,0.712,1075.27,Kecimen
69519,478.59,256.46,0.6215,73790,0.7701,1232.45,Besni
75293,412.89,244.08,0.8526,80578,0.6878,1191.2,Besni
62769,333.35,218.84,0.7311,66754,0.6828,902.5,Kecimen
85626,417.03,267.81,0.766,92076,0.7162,907.11,Besni
62305,317.83,160.05,0.7381,64205,0.6559,964.84,Kecimen
104429,436.93,223.61,0.7807,110595,0.6999,1272.46,Besni
54220,288.87,186.89,0.7712,57511,0.6775,830.37,Kecimen
72744,321.04,229.59,0.7471,75560,0.6431,953.73,Kecimen
36083,295.07,199.96,0.5578,38549,0.7902,863.84,Kecimen
81041,333.08,219.27,0.712,86866,0.6464,1024.0,Kecimen
67237,302.92,282.3,0.7111,69319,0.7431,973.85,Kecimen
76245,309.24,282.65,0.6673,78912,0.6604,989.92,Kecimen
34449,343.63,208.35,0.7392,36821,0.6796,1113.52,Kecimen
52875,333.05,187.11,0.7571,54011,0.7,958.16,Kecimen
48772,304.49,180.64,0.6694,50094,0.7133,794.93,Kecimen
39355,412.44,204.07,0.7947,42060,0.7214,1104.96,Besni
52447,365.75,189.32,0.6938,53927,0.7979,1039.04,Kecimen
75336,436.63,256.68,0.8446,77196,0.6789,1132.7,Besni
60078,294.5,214.75,0.6808,62033,0.736,1076.62,Kecimen
88921,371.23,324.98,0.7479,93368,0.7637,1445.79,Besni
112016,385.39,263.87,0.8152,118705,0.7,1238.56,Besni
117690,432.15,291.52,0.8401,124124,0.7008,1492.13,Besni
61228,363.66,251.52,0.6883,65789,0.638,968.6,Kecimen
95963,492.63,299.47,0.8269,101732,0.6976,1345.98,Besni
112026,410.19,245.94,0.6212,120750,0.7279,1160.25,Besni
85766,412.03,234.94,0.719,91090,0.7053,1186.34,Besni
100445,327.81,286.42,0.6955,108104,0.6272,1068.75,Besni
64390,450.15,256.12,0.7706,67375,0.7158,820.82,Besni
62891,424.88,249.79,0.7978,64823,0.6808,1266.77,Besni
68493,410.92,242.64,0.8608,73928,0.6627,949.19,Besni
65126,382.02,164.91,0.6568,66625,0.6288,1028.6,Kecimen
82773,464.38,236.66,0.8094,87048,0.7313,1434.11,Besni
123108,465.2,256.92,0.7994,129847,0.7446,1536.01,Besni
38547,326.01,236.92,0.6749,39362,0.6933,667.1,Kecimen
75819,356.78,257.91,0.7841,81438,0.7197,1158.02,Besni
59509,340.29,220.09,0.7269,61610,0.7292,963.39,Kecimen
64137,452.03,165.35,0.7221,66067,0.6552,956.24,Besni
60903,354.84,282.26,0.7075,62970,0.7319,771.65,Kecimen
60683,299.02,268.41,0.6591,62007,0.7238,1298.88,Kecimen
58460,389.28,277.8,0.8059,59826,0.6482,1391.55,Besni
79511,449.52,193.85,0.7185,82930,0.7821,1294.9,Besni
90600,378.59,242.18,0.753,93822,0.6868,1115.15,Besni
74389,305.49,210.51,0.7569,78816,0.7076,1211.57,Kecimen
85730,481.51,288.7,0.7838,87849,0.7028,1071.34,Besni
93555,413.81,190.16,0.8392,97943,0.6725,1191.32,Besni
50225,339.57,233.61,0.7237,51845,0.7253,885.0,Kecimen
70353,485.18,243.14,0.8633,75534,0.6505,1374.49,Besni
83397,397.11,342.22,0.8062,89270,0.6791,1059.98,Besni
55345,390.83,228.37,0.6897,58370,0.6503,1097.67,Kecimen
113734,441.2,237.26,0.8143,118840,0.6731,1209.12,Besni
70674,328.12,219.25,0.8184,75580,0.6375,823.66,Kecimen
88716,458.04,266.93,0.811,91241,0.71,1215.72,Besni
64840,370.23,198.85,0.712,67691,0.7641,1134.56,Kecimen
66657,236.72,249.45,0.7394,70992,0.7131,797.34,Kecimen
64901,433.24,271.83,0.8259,68841,0.6457,1327.1,Besni
56628,480.91,273.35,0.8073,58132,0.6715,1181.82,Besni
83790,336.33,247.55,0.6814,90227,0.6278,1083.33,Kecimen
73084,383.18,289.58,0.6878,75302,0.6196,1210.51,Kecimen
48613,318.61,196.42,0.768,50843,0.5894,1254.99,Kecimen
52921,263.7,269.0,0.748,55526,0.549,1045.57,Kecimen
93505,345.05,239.12,0.7954,96705,0.7396,1321.02,Besni
84312,411.78,265.75,0.8055,86592,0.6738,1323.7,Besni
50658,414.83,370.32,0.7913,52325,0.6374,1296.11,Besni
38888,347.26,196.9,0.6793,39937,0.6586,1031.69,Kecimen
95029,422.58,239.73,0.7222,101773,0.6906,980.46,Besni
52841,408.86,268.52,0.8455,56593,0.6707,1537.9,Besni
89038,441.41,226.25,0.7535,94021,0.7179,1286.41,Besni
66566,383.16,283.81,0.759,70940,0.7811,1591.77,Besni
77852,350.49,259.3,0.7808,83477,0.7692,1699.53,Besni
89219,415.81,317.97,0.8216,91071,0.6807,1447.82,Besni
70709,444.38,226.17,0.7556,74883,0.5873,1421.45,Besni
92961,435.38,252.4,0.7673,95544,0.6239,1401.52,Besni
88451,400.01,255.38,0.8304,95374,0.6955,1192.33,Besni
82201,370.71,266.63,0.7591,86238,0.633,1181.16,Besni
80909,467.48,236.46,0.8114,83610,0.6132,1350.07,Besni
107873,438.5,262.79,0.7648,115834,0.6835,1463.12,Besni
52473,321.9,185.25,0.737,54986,0.714,1086.28,Kecimen
67574,276.76,215.5,0.7462,71160,0.6738,926.03,Kecimen
125223,433.87,230.01,0.7923,129144,0.6263,1244.74,Besni
69848,379.84,208.88,0.8087,74757,0.7112,827.76,Kecimen
90826,423.56,231.67,0.7783,98021,0.657,1401.61,Besni
41687,263.11,204.94,0.738,44248,0.7181,1069.31,Kecimen
106839,378.8,234.17,0.7321,113373,0.692,1036.2,Besni
46657,288.38,218.59,0.7933,49179,0.7297,1157.1,Kecimen
103308,470.63,244.85,0.7828,105514,0.7172,1465.2,Besni
103298,353.36,209.86,0.7421,109292,0.7482,1504.16,Besni
66094,433.46,241.67,0.8059,69152,0.6163,929.71,Besni
111775,486.27,267.95,0.743,114340,0.6594,1425.27,Besni
114600,407.97,284.45,0.8063,122667,0.6596,1318.88,Besni
38047,288.12,211.57,0.6809,39688,0.6815,1164.57,Kecimen
105520,422.35,254.93,0.8838,111999,0.5757,1233.61,Besni
48112,305.56,211.07,0.6557,49219,0.6653,997.92,Kecimen
74396,441.08,305.89,0.8171,76747,0.7082,1373.83,Besni
96771,390.7,268.53,0.7676,103523,0.7314,1074.9,Besni
64613,445.14,246.1,0.8485,67621,0.8338,1290.19,Besni
76107,439.79,271.15,0.7332,79668,0.6955,1407.71,Besni
100111,474.54,223.07,0.7869,103102,0.7315,1140.64,Besni
67725,320.56,238.38,0.7748,72300,0.7001,912.99,Kecimen
40196,275.09,219.82,0.7242,41609,0.8012,872.85,Kecimen
80308,418.21,211.29,0.7501,84214,0.701,789.16,Kecimen
119018,417.76,212.45,0.7813,127547,0.6593,1080.81,Besni
56447,380.16,218.27,0.751,58278,0.5998,1005.69,Kecimen
56487,298.79,225.73,0.6854,59526,0.6098,812.14,Kecimen
102773,374.18,263.01,0.8618,108176,0.6971,1279.77,Besni
78997,401.41,245.67,0.7303,84263,0.698,1162.23,Besni
117410,362.85,293.52,0.8204,125520,0.6707,1182.79,Besni
103578,370.33,277.25,0.7863,106950,0.7173,1270.41,Besni
65251,381.01,311.18,0.8145,67979,0.6702,974.32,Besni
63157,392.47,218.72,0.8133,64875,0.6825,1119.69,Besni
96760,428.4,175.08,0.8495,99050,0.7652,1214.43,Besni
60076,334.85,202.86,0.7943,62104,0.728,1104.02,Kecimen
87020,375.74,247.84,0.7325,92285,0.7164,756.95,Besni
83384,457.21,193.09,0.7361,87353,0.6726,1187.87,Besni
43985,286.71,220.85,0.7118,47083,0.7742,836.21,Kecimen
83982,310.5,225.53,0.8222,89211,0.7214,1261.14,Besni
75856,312.39,199.24,0.6617,78145,0.6567,1210.24,Kecimen
59797,255.74,176.56,0.8494,64371,0.7477,1179.12,Kecimen
65366,393.96,249.94,0.714,67529,0.6662,862.57,Kecimen
46208,327.27,205.5,0.7335,47890,0.8322,1004.92,Kecimen
65635,332.45,231.32,0.7824,67157,0.7705,827.68,Kecimen
135428,412.5,225.54,0.7366,142317,0.6377,1510.6,Besni
49044,348.87,229.64,0.732,52460,0.7404,909.12,Kecimen
101597,418.21,272.62,0.8548,106498,0.7102,1256.13,Besni
92847,303.19,225.76,0.742,96354,0.8012,933.54,Kecimen
64214,386.62,236.5,0.8438,65537,0.6773,813.14,Kecimen
77689,346.34,201.71,0.7274,81720,0.805,1082.84,Kecimen
58770,459.66,243.24,0.746,60737,0.7278,1221.12,Besni
67378,346.99,294.79,0.7099,71207,0.7231,967.29,Kecimen
94445,442.24,307.29,0.8236,99373,0.5902,1556.83,Besni
99012,414.34,242.91,0.7024,106843,0.6934,924.73,Besni
72202,353.21,226.73,0.6285,74973,0.7543,1133.53,Kecimen
43404,310.44,225.9,0.7474,45790,0.7397,1034.51,Kecimen
92807,512.89,317.42,0.6685,97856,0.7487,1204.11,Besni
75755,487.61,243.29,0.8045,81571,0.681,794.28,Besni
61494,260.86,238.41,0.6668,65689,0.755,937.98,Kecimen
120603,482.48,235.98,0.7566,123648,0.6192,1354.28,Besni
88215,526.24,290.18,0.7203,93095,0.7348,1144.45,Besni
72187,296.93,217.31,0.6814,75167,0.7652,1099.89,Kecimen
34126,315.51,217.14,0.7918,35277,0.6866,1102.03,Kecimen
87986,289.05,219.23,0.7618,93660,0.5932,805.06,Kecimen
71076,319.68,181.59,0.7476,75209,0.6936,1260.83,Kecimen
122989,437.34,260.63,0.8375,127878,0.6286,1280.16,Besni
47875,308.73,210.73,0.8303,51527,0.7003,928.08,Kecimen
58907,322.93,227.16,0.688,63513,0.7258,1123.91,Kecimen
126143,429.13,222.21,0.7648,132948,0.6302,1335.8,Besni
48407,309.8,292.1,0.724,50221,0.6868,885.51,Kecimen
101395,444.68,212.2,0.7672,107023,0.6545,1264.94,Besni
49846,264.06,182.45,0.7911,53349,0.6403,942.4,Kecimen
55179,338.37,203.39,0.7321,59033,0.7775,969.55,Kecimen
99163,452.75,256.79,0.8278,102264,0.6708,1411.76,Besni
106695,415.7,260.3,0.7926,113402,0.6849,1252.82,Besni
117991,443.22,205.29,0.7281,120359,0.6009,1460.15,Besni
49606,290.97,233.21,0.7457,50833,0.6962,1064.94,Kecimen
98989,419.45,241.17,0.7658,105783,0.807,1245.27,Besni
73767,361.96,155.4,0.8025,75736,0.6566,1145.23,Kecimen
62683,435.82,310.23,0.7402,65947,0.704,1134.02,Besni
124050,295.34,221.42,0.7257,133593,0.748,1034.29,Besni
96431,443.77,272.71,0.8104,100457,0.5958,1203.14,Besni
96459,415.35,255.97,0.8235,99818,0.6735,1352.68,Besni
61961,317.72,245.6,0.7889,65151,0.7463,872.29,Kecimen
68411,365.06,133.11,0.7078,73366,0.6928,875.23,Kecimen
71806,317.78,134.54,0.7084,76946,0.7143,1230.69,Kecimen
54963,456.73,237.85,0.7344,58783,0.6682,1366.03,Besni
125927,485.16,257.26,0.7559,133966,0.647,1527.26,Besni
51009,297.78,249.76,0.7607,53033,0.6905,1227.89,Kecimen
131720,379.35,287.92,0.7517,140167,0.678,1137.59,Besni
88868,453.95,279.36,0.8387,92523,0.6414,1157.74,Besni
113810,393.59,207.08,0.7775,121212,0.6577,1405.67,Besni
66060,303.52,231.8,0.6144,70390,0.7224,1039.19,Kecimen
74951,372.61,263.96,0.8372,78319,0.6113,1368.06,Besni
51346,311.44,155.41,0.8226,53783,0.7294,1059.69,Kecimen
57926,358.21,208.2,0.6119,59219,0.697,1226.67,Kecimen
81727,438.98,240.37,0.817,86742,0.7012,1360.3,Besni
102164,437.57,235.33,0.8337,108584,0.6759,1035.73,Besni
56704,345.54,243.57,0.7384,61230,0.7482,955.9,Kecimen
45932,322.37,188.8,0.742,49250,0.7107,1223.09,Kecimen
72338,289.75,233.2,0.7645,75956,0.6694,930.34,Kecimen
78721,400.12,267.11,0.8279,84941,0.5822,1377.27,Besni
110974,431.22,241.88,0.7854,116477,0.7476,1162.0,Besni
70290,328.95,215.68,0.7178,71984,0.67,765.28,Kecimen
59710,441.74,238.71,0.79,61990,0.6762,1131.8,Besni
63361,330.68,216.66,0.7399,65079,0.6595,889.87,Kecimen
74529,274.81,158.75,0.7904,79672,0.7003,1063.15,Kecimen
51544,253.56,268.85,0.7045,54847,0.6266,990.47,Kecimen
69955,514.89,244.39,0.839,72992,0.6064,1218.03,Besni
63480,362.13,183.28,0.8363,66402,0.7745,662.97,Kecimen
73675,481.88,243.98,0.7405,78098,0.6616,1625.25,Besni
58278,366.37,261.27,0.5447,59565,0.6795,896.54,Kecimen
31300,328.56,267.32,0.6616,32656,0.7448,839.34,Kecimen
60315,291.87,257.43,0.7186,64239,0.6743,938.78,Kecimen
113669,402.0,300.11,0.7265,117478,0.7599,1243.41,Besni
88142,280.07,235.24,0.6559,90183,0.6867,1141.2,Kecimen
60153,349.73,218.12,0.6799,61464,0.7099,952.97,Kecimen
72330,324.38,181.16,0.8108,74323,0.6901,1082.72,Kecimen
80447,392.19,188.73,0.8054,83716,0.6317,1245.41,Besni
90904,529.2,229.23,0.8066,93585,0.7229,1500.38,Besni
72378,393.77,278.43,0.7627,76243,0.7155,1060.78,Besni
98883,343.36,319.48,0.7252,105306,0.71,1314.75,Besni
72722,488.82,187.72,0.6832,77203,0.6268,1190.69,Besni
83459,438.96,278.02,0.7397,88459,0.7587,1310.9,Besni
97779,467.92,257.23,0.751,102906,0.6164,1215.76,Besni
77717,449.13,266.72,0.76,83178,0.6379,935.64,Besni
72986,344.64,223.77,0.7742,76364,0.7076,1216.54,Kecimen
60664,378.28,247.29,0.7106,63585,0.7489,1423.5,Besni
63657,321.09,206.18,0.8048,65679,0.6296,1416.68,Besni
123527,311.15,298.41,0.7104,127234,0.7245,1616.46,Besni
37277,268.2,214.11,0.5477,38342,0.7216,759.01,Kecimen
88520,468.94,208.06,0.7801,92680,0.7078,740.05,Besni
89993,418.89,220.59,0.7399,94535,0.6841,1389.52,Besni
96199,499.72,187.13,0.8148,101115,0.6563,1160.37,Besni
40243,446.06,269.22,0.7864,41998,0.6447,1550.59,Besni
80328,405.13,335.95,0.7962,82845,0.7632,1026.4,Besni
64968,321.94,237.09,0.7006,66866,0.7144,1080.18,Kecimen
86283,524.79,268.5,0.7523,92886,0.7116,1111.09,Besni
71085,351.36,280.02,0.7556,72873,0.7564,1256.1,Besni
81763,415.63,241.6,0.846,83753,0.7346,1331.09,Besni
47425,321.57,309.86,0.7558,50280,0.8259,1181.86,Besni
91832,291.83,200.83,0.6812,97020,0.6671,950.3,Kecimen
56613,227.92,189.2,0.8227,61127,0.7038,926.92,Kecimen
72202,316.16,246.85,0.6835,75686,0.6499,1038.31,Kecimen
103854,309.16,305.17,0.6691,110011,0.6539,1347.25,Besni
45379,346.17,243.15,0.6515,47270,0.6973,1122.82,Kecimen
62985,320.74,169.21,0.6932,67771,0.7308,1063.01,Kecimen
72845,386.76,218.88,0.8263,77788,0.7377,1207.22,Kecimen
62255,329.37,180.06,0.623,64798,0.7767,1160.73,Kecimen
87059,383.58,295.21,0.7925,91413,0.7052,991.47,Besni
79165,391.84,236.73,0.6239,82188,0.6774,857.75,Kecimen
107111,341.61,258.91,0.7551,115298,0.6291,1317.58,Besni
52395,268.93,189.56,0.6392,54385,0.7122,1008.7,Kecimen
75434,444.05,272.74,0.781,78936,0.6808,1316.03,Besni
68206,285.67,177.92,0.6596,70185,0.6836,1049.17,Kecimen
72540,505.16,254.38,0.8663,74236,0.669,1130.92,Besni
36740,333.54,212.28,0.7633,38754,0.6385,855.44,Kecimen
104422,330.68,226.18,0.8186,109679,0.6022,1139.38,Besni
37937,496.4,266.17,0.7207,39930,0.713,1257.75,Besni
56481,295.84,237.18,0.7213,59200,0.6852,941.2,Kecimen
81767,411.96,187.23,0.7643,83561,0.684,1012.57,Kecimen
64931,304.62,246.32,0.8164,66472,0.7212,1007.47,Kecimen
94505,483.98,330.53,0.7625,96617,0.6873,1215.13,Besni
59816,327.11,203.28,0.7442,62138,0.7219,1055.82,Kecimen
55270,291.49,224.51,0.7642,59428,0.7415,1130.37,Kecimen
105503,410.1,277.72,0.7975,108043,0.613,1156.8,Besni
46359,387.06,202.79,0.6834,48239,0.7374,917.76,Kecimen
95675,416.77,270.77,0.7425,102587,0.7939,1219.43,Besni
81984,309.0,252.21,0.7096,84664,0.6934,1052.15,Kecimen
66362,436.1,251.03,0.8541,69793,0.656,1061.8,Besni
83070,341.73,199.57,0.7844,89132,0.6893,1116.84,Kecimen
88292,300.5,246.86,0.7652,95184,0.6215,944.61,Kecimen
81619,332.31,242.77,0.7268,87047,0.7483,1026.28,Kecimen
88172,512.78,199.02,0.7721,92188,0.7445,1171.9,Besni
61111,393.87,209.89,0.6325,64352,0.7365,1047.42,Kecimen
54859,366.71,221.79,0.7344,56507,0.7587,1102.54,Kecimen
